Campaign_ID,Campaign_Type,Channel,Budget,Impressions,Clicks,Conversions,Cost_Per_Click,Date,CTR,Conversion_Rate,ROI
CMP_0001,Google_Ads,Facebook,8999,15148,452,15,1.97,2024-12-13,2.98,3.32,-91.67
CMP_0002,Content_Marketing,LinkedIn,879,17322,634,57,2.28,2024-02-04,3.66,8.99,224.23
CMP_0003,Influencer,Facebook,9577,26419,324,42,3.11,2024-09-09,1.23,12.96,-78.07
CMP_0004,Social_Media,LinkedIn,4520,11927,317,33,4.43,2024-01-29,2.66,10.41,-63.5
CMP_0005,Email_Campaign,Google,2452,80945,2198,83,1.84,2024-06-18,2.72,3.78,69.25
CMP_0006,Google_Ads,Google,6153,12161,326,25,2.29,2024-10-10,2.68,7.67,-79.68
CMP_0007,Content_Marketing,LinkedIn,3678,65519,2031,68,2.35,2024-10-06,3.1,3.35,-7.56
CMP_0008,Influencer,Email,7170,85355,3148,320,4.63,2024-02-10,3.69,10.17,123.15
CMP_0009,Social_Media,Facebook,8964,16827,467,43,2.3,2024-03-04,2.78,9.21,-76.02
CMP_0010,Social_Media,Twitter,2453,69989,2672,265,4.15,2024-09-21,3.82,9.92,440.15
CMP_0011,Influencer,Twitter,4365,8987,194,20,1.9,2024-10-07,2.16,10.31,-77.09
CMP_0012,Google_Ads,Instagram,2506,16844,564,29,4.56,2024-05-03,3.35,5.14,-42.14
CMP_0013,Influencer,Google,9104,89536,2000,236,4.62,2024-03-27,2.23,11.8,29.61
CMP_0014,Influencer,Email,7749,72960,3644,84,0.79,2024-12-17,4.99,2.31,-45.8
CMP_0015,Email_Campaign,Twitter,6944,43866,1511,201,2.72,2024-06-10,3.44,13.3,44.73
CMP_0016,Content_Marketing,Instagram,2594,21267,662,37,0.97,2024-10-05,3.11,5.59,-28.68
CMP_0017,Influencer,LinkedIn,7890,69970,1571,185,4.0,2024-12-07,2.25,11.78,17.24
CMP_0018,Email_Campaign,Google,7541,65173,3010,276,3.24,2024-04-26,4.62,9.17,83.0
CMP_0019,Content_Marketing,Facebook,8799,94353,2772,101,1.59,2024-05-31,2.94,3.64,-42.61
CMP_0020,Email_Campaign,Twitter,9871,57348,590,37,2.39,2024-11-12,1.03,6.27,-81.26
CMP_0021,Email_Campaign,Email,752,26478,328,37,1.09,2024-12-18,1.24,11.28,146.01
CMP_0022,Content_Marketing,Facebook,2773,96572,2974,162,0.85,2024-01-06,3.08,5.45,192.1
CMP_0023,Google_Ads,Email,4662,68713,1973,86,0.62,2024-04-21,2.87,4.36,-7.76
CMP_0024,Content_Marketing,Google,4200,88132,1261,71,0.62,2024-03-29,1.43,5.63,-15.48
CMP_0025,Google_Ads,Instagram,8717,43065,954,115,4.79,2024-11-09,2.22,12.05,-34.04
CMP_0026,Email_Campaign,Twitter,1316,98101,4493,507,1.94,2024-02-07,4.58,11.28,1826.29
CMP_0027,Google_Ads,Email,3647,21357,1065,88,3.51,2024-03-07,4.99,8.26,20.65
CMP_0028,Content_Marketing,Instagram,5829,98375,4035,384,4.87,2024-04-23,4.1,9.52,229.39
CMP_0029,Email_Campaign,LinkedIn,5540,18828,257,24,1.93,2024-01-29,1.36,9.34,-78.34
CMP_0030,Google_Ads,LinkedIn,9830,75808,3040,346,0.69,2024-09-14,4.01,11.38,75.99
CMP_0031,Google_Ads,Twitter,8316,23747,514,75,4.95,2024-07-19,2.16,14.59,-54.91
CMP_0032,Email_Campaign,Email,2525,33425,1471,123,3.62,2024-01-11,4.4,8.36,143.56
CMP_0033,Email_Campaign,Email,6718,19834,654,37,0.67,2024-03-19,3.3,5.66,-72.46
CMP_0034,Social_Media,Google,7694,89046,2795,117,2.74,2024-01-07,3.14,4.19,-23.97
CMP_0035,Email_Campaign,Email,4118,35070,1200,132,2.14,2024-04-05,3.42,11.0,60.27
CMP_0036,Influencer,Facebook,530,38953,1237,107,1.46,2024-05-14,3.18,8.65,909.43
CMP_0037,Social_Media,Instagram,4850,12388,385,43,0.74,2024-09-10,3.11,11.17,-55.67
CMP_0038,Social_Media,Email,3325,88513,1820,46,3.85,2024-04-24,2.06,2.53,-30.83
CMP_0039,Email_Campaign,Twitter,7136,34700,1300,139,1.04,2024-01-19,3.75,10.69,-2.61
CMP_0040,Content_Marketing,Instagram,3166,55942,2778,383,2.93,2024-04-14,4.97,13.79,504.86
CMP_0041,Email_Campaign,Instagram,1813,2629,43,3,2.24,2024-04-17,1.64,6.98,-91.73
CMP_0042,Content_Marketing,Twitter,1239,91365,1175,40,2.5,2024-08-30,1.29,3.4,61.42
CMP_0043,Google_Ads,Facebook,9980,78437,980,120,4.66,2024-03-18,1.25,12.24,-39.88
CMP_0044,Content_Marketing,Twitter,7740,82263,851,85,0.55,2024-06-24,1.03,9.99,-45.09
CMP_0045,Social_Media,Instagram,9232,43178,1958,207,3.43,2024-10-06,4.53,10.57,12.11
CMP_0046,Content_Marketing,LinkedIn,1857,52539,1446,206,4.08,2024-03-01,2.75,14.25,454.66
CMP_0047,Influencer,LinkedIn,7176,96582,3104,203,0.84,2024-11-07,3.21,6.54,41.44
CMP_0048,Social_Media,Facebook,2068,75841,3742,282,1.63,2024-01-31,4.93,7.54,581.82
CMP_0049,Content_Marketing,Twitter,5147,37206,1853,206,4.74,2024-06-22,4.98,11.12,100.12
CMP_0050,Social_Media,Facebook,9492,87526,2590,323,0.92,2024-11-26,2.96,12.47,70.14
CMP_0051,Google_Ads,LinkedIn,3066,24400,1164,122,3.9,2024-10-25,4.77,10.48,98.96
CMP_0052,Email_Campaign,Twitter,6271,74783,1177,123,3.91,2024-09-17,1.57,10.45,-1.93
CMP_0053,Email_Campaign,Instagram,9626,2643,43,3,0.74,2024-10-14,1.63,6.98,-98.44
CMP_0054,Social_Media,Instagram,1347,5907,68,3,4.52,2024-03-06,1.15,4.41,-88.86
CMP_0055,Email_Campaign,Twitter,4658,15553,703,79,1.84,2024-01-04,4.52,11.24,-15.2
CMP_0056,Email_Campaign,LinkedIn,2794,60317,1590,225,0.99,2024-04-02,2.64,14.15,302.65
CMP_0057,Social_Media,Instagram,3466,41690,1850,161,0.86,2024-08-21,4.44,8.7,132.26
CMP_0058,Google_Ads,Twitter,2869,95376,2714,276,0.52,2024-02-29,2.85,10.17,381.0
CMP_0059,Google_Ads,Twitter,2848,67090,875,54,4.76,2024-02-26,1.3,6.17,-5.2
CMP_0060,Email_Campaign,Twitter,4269,20843,852,59,4.6,2024-04-03,4.09,6.92,-30.9
CMP_0061,Google_Ads,Google,9768,93451,4628,392,3.16,2024-04-14,4.95,8.47,100.66
CMP_0062,Influencer,Facebook,3533,89113,1499,223,4.0,2024-12-22,1.68,14.88,215.6
CMP_0063,Google_Ads,Email,9385,34674,1612,224,2.7,2024-09-23,4.65,13.9,19.34
CMP_0064,Content_Marketing,LinkedIn,771,63701,893,116,4.16,2024-11-21,1.4,12.99,652.27
CMP_0065,Email_Campaign,LinkedIn,979,50215,1234,67,3.4,2024-03-24,2.46,5.43,242.19
CMP_0066,Influencer,Google,7211,36722,1649,218,1.49,2024-08-18,4.49,13.22,51.16
CMP_0067,Email_Campaign,Facebook,2188,1329,56,5,1.19,2024-11-13,4.21,8.93,-88.57
CMP_0068,Email_Campaign,Google,1028,89927,2741,395,4.89,2024-03-03,3.05,14.41,1821.21
CMP_0069,Social_Media,Instagram,6137,88105,4248,148,2.35,2024-04-30,4.82,3.48,20.58
CMP_0070,Email_Campaign,Facebook,9078,75704,1493,175,4.14,2024-04-06,1.97,11.72,-3.61
CMP_0071,Google_Ads,Google,8944,56094,1013,137,1.02,2024-05-31,1.81,13.52,-23.41
CMP_0072,Social_Media,Twitter,6803,60913,2602,133,3.85,2024-02-21,4.27,5.11,-2.25
CMP_0073,Google_Ads,Instagram,8886,52551,626,65,0.56,2024-07-29,1.19,10.38,-63.43
CMP_0074,Content_Marketing,Twitter,3739,6844,214,31,3.84,2024-12-28,3.13,14.49,-58.55
CMP_0075,Influencer,Google,7415,80725,2207,75,2.66,2024-11-23,2.73,3.4,-49.43
CMP_0076,Influencer,Facebook,2108,69074,1508,32,0.71,2024-11-13,2.18,2.12,-24.1
CMP_0077,Email_Campaign,Facebook,5258,48602,2191,162,1.36,2024-03-01,4.51,7.39,54.05
CMP_0078,Google_Ads,Email,1145,72783,2021,100,2.91,2024-11-09,2.78,4.95,336.68
CMP_0079,Email_Campaign,LinkedIn,1041,91872,1081,104,1.11,2024-08-13,1.18,9.62,399.52
CMP_0080,Google_Ads,Email,3010,44621,1405,52,1.27,2024-05-01,3.15,3.7,-13.62
CMP_0081,Email_Campaign,Email,3988,88462,1743,205,1.11,2024-08-12,1.97,11.76,157.02
CMP_0082,Content_Marketing,Instagram,8780,62432,2369,140,1.08,2024-08-03,3.79,5.91,-20.27
CMP_0083,Influencer,Twitter,3991,80643,3332,256,0.99,2024-01-26,4.13,7.68,220.72
CMP_0084,Social_Media,Instagram,3819,35772,380,44,0.65,2024-01-25,1.06,11.58,-42.39
CMP_0085,Google_Ads,Facebook,4037,16169,802,40,1.53,2024-06-01,4.96,4.99,-50.46
CMP_0086,Influencer,LinkedIn,6544,16943,254,8,3.43,2024-01-05,1.5,3.15,-93.89
CMP_0087,Social_Media,Facebook,788,68572,2997,184,3.94,2024-10-04,4.37,6.14,1067.51
CMP_0088,Google_Ads,Twitter,5636,62479,738,48,3.49,2024-04-01,1.18,6.5,-57.42
CMP_0089,Email_Campaign,Twitter,9246,39241,827,99,4.67,2024-07-14,2.11,11.97,-46.46
CMP_0090,Social_Media,Email,5034,85396,2031,281,1.98,2024-06-03,2.38,13.84,179.1
CMP_0091,Google_Ads,LinkedIn,7884,94033,1845,215,2.6,2024-04-30,1.96,11.65,36.35
CMP_0092,Email_Campaign,Google,7828,67565,2128,207,3.21,2024-04-11,3.15,9.73,32.22
CMP_0093,Content_Marketing,Google,8810,13603,197,22,1.16,2024-03-16,1.45,11.17,-87.51
CMP_0094,Social_Media,Twitter,3652,83315,893,49,1.82,2024-06-24,1.07,5.49,-32.91
CMP_0095,Email_Campaign,Twitter,9913,81261,875,30,0.67,2024-01-12,1.08,3.43,-84.87
CMP_0096,Social_Media,Facebook,1287,32413,383,52,2.68,2024-07-06,1.18,13.58,102.02
CMP_0097,Email_Campaign,Instagram,4043,33576,1447,172,1.97,2024-01-21,4.31,11.89,112.71
CMP_0098,Social_Media,Instagram,1964,96206,2524,305,2.45,2024-01-04,2.62,12.08,676.48
CMP_0099,Google_Ads,Google,7831,25083,875,60,0.75,2024-05-27,3.49,6.86,-61.69
CMP_0100,Social_Media,Email,7177,71634,1094,150,1.44,2024-08-15,1.53,13.71,4.5
CMP_0101,Content_Marketing,Facebook,4374,38077,1596,195,1.95,2024-08-27,4.19,12.22,122.91
CMP_0102,Google_Ads,Google,9758,41766,1970,133,3.85,2024-04-21,4.72,6.75,-31.85
CMP_0103,Content_Marketing,Twitter,2689,11639,545,31,3.95,2024-05-05,4.68,5.69,-42.36
CMP_0104,Social_Media,Facebook,3923,57569,768,22,4.53,2024-06-21,1.33,2.86,-71.96
CMP_0105,Influencer,Facebook,7288,1331,66,8,3.43,2024-10-28,4.96,12.12,-94.51
CMP_0106,Email_Campaign,LinkedIn,6581,75595,2620,123,1.37,2024-03-04,3.47,4.69,-6.55
CMP_0107,Google_Ads,Instagram,9802,61311,2714,325,1.61,2024-12-24,4.43,11.97,65.78
CMP_0108,Content_Marketing,Facebook,5712,68540,2785,399,0.57,2024-08-21,4.06,14.33,249.26
CMP_0109,Influencer,Facebook,9102,72650,816,20,4.46,2024-06-20,1.12,2.45,-89.01
CMP_0110,Influencer,Facebook,1147,47785,1644,150,1.8,2024-07-26,3.44,9.12,553.88
CMP_0111,Influencer,Facebook,6881,56053,874,82,2.13,2024-07-28,1.56,9.38,-40.42
CMP_0112,Google_Ads,Facebook,700,10703,509,53,4.91,2024-03-17,4.76,10.41,278.57
CMP_0113,Google_Ads,LinkedIn,2897,42435,1161,80,2.75,2024-11-23,2.74,6.89,38.07
CMP_0114,Google_Ads,Email,2810,61451,2628,94,2.03,2024-12-10,4.28,3.58,67.26
CMP_0115,Social_Media,Google,7589,2063,73,1,4.3,2024-12-11,3.54,1.37,-99.34
CMP_0116,Email_Campaign,Instagram,7496,49223,2275,330,2.72,2024-08-18,4.62,14.51,120.12
CMP_0117,Email_Campaign,Email,9441,56782,1928,120,3.89,2024-05-17,3.4,6.22,-36.45
CMP_0118,Influencer,Facebook,4788,59824,1270,168,2.39,2024-02-11,2.12,13.23,75.44
CMP_0119,Email_Campaign,LinkedIn,2088,85980,969,99,4.92,2024-10-21,1.13,10.22,137.07
CMP_0120,Email_Campaign,Twitter,4347,41264,1633,38,4.0,2024-07-12,3.96,2.33,-56.29
CMP_0121,Email_Campaign,Facebook,1320,3728,77,3,0.57,2024-08-23,2.07,3.9,-88.64
CMP_0122,Email_Campaign,Google,8512,43074,1496,60,3.42,2024-01-09,3.47,4.01,-64.76
CMP_0123,Email_Campaign,Instagram,7532,54608,2400,80,1.56,2024-12-06,4.39,3.33,-46.89
CMP_0124,Social_Media,Google,4868,43390,673,96,1.89,2024-09-25,1.55,14.26,-1.4
CMP_0125,Social_Media,Twitter,4130,67376,794,33,4.34,2024-05-05,1.18,4.16,-60.05
CMP_0126,Google_Ads,Email,6999,86553,3835,388,2.89,2024-03-16,4.43,10.12,177.18
CMP_0127,Social_Media,Instagram,5033,80314,1084,117,3.51,2024-05-09,1.35,10.79,16.23
CMP_0128,Social_Media,Email,8566,27909,919,123,4.11,2024-06-12,3.29,13.38,-28.2
CMP_0129,Social_Media,Email,6590,32966,1043,73,3.08,2024-04-20,3.16,7.0,-44.61
CMP_0130,Content_Marketing,Facebook,8612,63158,3063,370,0.53,2024-12-30,4.85,12.08,114.82
CMP_0131,Email_Campaign,Instagram,5963,23332,347,22,4.58,2024-10-02,1.49,6.34,-81.55
CMP_0132,Influencer,Google,6776,92551,3482,288,4.45,2024-08-09,3.76,8.27,112.51
CMP_0133,Google_Ads,Facebook,6695,73529,1073,88,3.96,2024-08-09,1.46,8.2,-34.28
CMP_0134,Content_Marketing,Facebook,5618,49668,2044,294,0.71,2024-10-10,4.12,14.38,161.66
CMP_0135,Influencer,Facebook,6740,56361,2604,62,3.78,2024-02-11,4.62,2.38,-54.01
CMP_0136,Social_Media,Facebook,7099,84251,3653,374,1.55,2024-08-11,4.34,10.24,163.42
CMP_0137,Social_Media,LinkedIn,8578,90143,1518,204,4.77,2024-01-11,1.68,13.44,18.91
CMP_0138,Influencer,Twitter,7161,23645,952,125,2.49,2024-07-11,4.03,13.13,-12.72
CMP_0139,Influencer,LinkedIn,2294,92706,1101,98,3.92,2024-02-26,1.19,8.9,113.6
CMP_0140,Social_Media,LinkedIn,4205,60495,724,32,1.28,2024-10-13,1.2,4.42,-61.95
CMP_0141,Influencer,Email,8157,98114,2149,290,2.37,2024-09-23,2.19,13.49,77.76
CMP_0142,Content_Marketing,Email,4118,97204,3434,150,1.31,2024-04-24,3.53,4.37,82.13
CMP_0143,Content_Marketing,Google,3771,34956,1450,49,4.08,2024-08-21,4.15,3.38,-35.03
CMP_0144,Influencer,LinkedIn,7471,37236,1324,173,4.26,2024-09-17,3.56,13.07,15.78
CMP_0145,Influencer,Instagram,1128,93195,2304,332,1.87,2024-07-27,2.47,14.41,1371.63
CMP_0146,Email_Campaign,Google,9447,45837,1693,85,1.38,2024-02-02,3.69,5.02,-55.01
CMP_0147,Social_Media,LinkedIn,4278,64206,840,86,4.61,2024-03-27,1.31,10.24,0.51
CMP_0148,Email_Campaign,Instagram,2823,93802,3448,416,3.66,2024-04-15,3.68,12.06,636.8
CMP_0149,Content_Marketing,Google,5671,65857,2324,152,3.09,2024-06-04,3.53,6.54,34.02
CMP_0150,Email_Campaign,Instagram,8972,33983,1047,63,1.43,2024-06-17,3.08,6.02,-64.89
CMP_0151,Content_Marketing,LinkedIn,3385,5515,55,7,4.32,2024-06-29,1.0,12.73,-89.66
CMP_0152,Google_Ads,Instagram,2865,51773,1101,89,2.23,2024-03-11,2.13,8.08,55.32
CMP_0153,Influencer,Email,3775,39934,584,76,1.64,2024-06-08,1.46,13.01,0.66
CMP_0154,Google_Ads,Twitter,2268,9124,144,16,2.95,2024-04-23,1.58,11.11,-64.73
CMP_0155,Influencer,Instagram,6371,99142,1955,274,1.96,2024-08-17,1.97,14.02,115.04
CMP_0156,Content_Marketing,LinkedIn,2396,72976,2796,398,1.55,2024-04-23,3.83,14.23,730.55
CMP_0157,Influencer,Instagram,728,14162,365,34,2.98,2024-12-13,2.58,9.32,133.52
CMP_0158,Google_Ads,Email,9344,53407,1671,121,3.96,2024-10-20,3.13,7.24,-35.25
CMP_0159,Google_Ads,Facebook,2886,37637,1702,140,1.3,2024-11-26,4.52,8.23,142.55
CMP_0160,Email_Campaign,Twitter,3532,87319,3772,407,2.4,2024-10-19,4.32,10.79,476.16
CMP_0161,Email_Campaign,Email,6511,83047,1662,103,4.25,2024-04-14,2.0,6.2,-20.9
CMP_0162,Email_Campaign,Email,2844,64079,2819,351,1.72,2024-09-06,4.4,12.45,517.09
CMP_0163,Google_Ads,LinkedIn,8282,87981,1779,248,1.45,2024-03-07,2.02,13.94,49.72
CMP_0164,Google_Ads,Email,9984,1138,38,1,3.23,2024-06-16,3.34,2.63,-99.5
CMP_0165,Social_Media,Email,4125,94442,2417,187,2.2,2024-05-29,2.56,7.74,126.67
CMP_0166,Social_Media,Email,6774,53120,2473,334,4.85,2024-06-28,4.66,13.51,146.53
CMP_0167,Email_Campaign,Twitter,9953,68948,2846,76,2.71,2024-03-17,4.13,2.67,-61.82
CMP_0168,Influencer,Twitter,6571,31888,450,55,2.21,2024-04-12,1.41,12.22,-58.15
CMP_0169,Content_Marketing,Email,1278,11532,519,29,1.08,2024-06-29,4.5,5.59,13.46
CMP_0170,Email_Campaign,Twitter,7561,60275,1245,169,3.63,2024-07-08,2.07,13.57,11.76
CMP_0171,Content_Marketing,Instagram,3936,34093,803,110,4.53,2024-08-09,2.36,13.7,39.74
CMP_0172,Social_Media,Instagram,7940,41797,1973,42,3.83,2024-04-03,4.72,2.13,-73.55
CMP_0173,Email_Campaign,Facebook,9556,43192,1961,79,4.08,2024-01-29,4.54,4.03,-58.66
CMP_0174,Content_Marketing,Email,8092,58345,1625,194,1.26,2024-08-10,2.79,11.94,19.87
CMP_0175,Social_Media,Email,7391,93201,2366,137,3.01,2024-03-03,2.54,5.79,-7.32
CMP_0176,Influencer,LinkedIn,7210,85543,2998,288,0.94,2024-09-14,3.5,9.61,99.72
CMP_0177,Email_Campaign,Twitter,2332,48292,1800,112,3.45,2024-02-17,3.73,6.22,140.14
CMP_0178,Social_Media,Instagram,9580,15895,403,15,4.55,2024-01-21,2.54,3.72,-92.17
CMP_0179,Content_Marketing,Google,7404,25938,425,9,0.61,2024-01-05,1.64,2.12,-93.92
CMP_0180,Google_Ads,Twitter,5960,30324,1313,100,1.2,2024-02-26,4.33,7.62,-16.11
CMP_0181,Email_Campaign,Facebook,2449,21974,942,69,3.33,2024-07-11,4.29,7.32,40.87
CMP_0182,Social_Media,Facebook,2445,69534,1140,153,3.43,2024-07-04,1.64,13.42,212.88
CMP_0183,Social_Media,Google,4900,7549,305,23,3.32,2024-01-21,4.04,7.54,-76.53
CMP_0184,Content_Marketing,Instagram,5450,54493,1051,144,1.02,2024-11-10,1.93,13.7,32.11
CMP_0185,Social_Media,Instagram,2635,12433,430,36,3.69,2024-04-17,3.46,8.37,-31.69
CMP_0186,Social_Media,Email,3701,54773,2140,255,4.52,2024-06-05,3.91,11.92,244.5
CMP_0187,Influencer,Instagram,3757,64241,917,26,3.58,2024-08-04,1.43,2.84,-65.4
CMP_0188,Influencer,Facebook,8615,81801,2546,334,4.36,2024-04-29,3.11,13.12,93.85
CMP_0189,Social_Media,Google,7663,20647,501,71,4.03,2024-05-23,2.43,14.17,-53.67
CMP_0190,Content_Marketing,Facebook,9615,74959,830,94,4.94,2024-12-28,1.11,11.33,-51.12
CMP_0191,Influencer,Twitter,6476,34253,464,64,2.62,2024-03-22,1.35,13.79,-50.59
CMP_0192,Email_Campaign,Twitter,7072,73028,1099,63,4.97,2024-02-18,1.5,5.73,-55.46
CMP_0193,Content_Marketing,Email,7241,92914,3016,302,3.89,2024-03-10,3.25,10.01,108.53
CMP_0194,Email_Campaign,Twitter,4576,64397,1678,187,4.37,2024-12-05,2.61,11.14,104.33
CMP_0195,Google_Ads,Google,5749,34196,712,20,0.9,2024-05-07,2.08,2.81,-82.61
CMP_0196,Influencer,Twitter,9539,54010,1069,147,4.17,2024-07-22,1.98,13.75,-22.95
CMP_0197,Email_Campaign,Twitter,7701,60631,1843,109,4.56,2024-08-29,3.04,5.91,-29.23
CMP_0198,Content_Marketing,Twitter,5718,16486,525,72,0.57,2024-08-03,3.18,13.71,-37.04
CMP_0199,Social_Media,Google,9801,54213,1148,33,3.06,2024-07-12,2.12,2.87,-83.16
CMP_0200,Content_Marketing,LinkedIn,5309,70461,1716,232,3.83,2024-06-15,2.44,13.52,118.5
CMP_0201,Google_Ads,Facebook,8407,83787,1420,129,0.6,2024-07-09,1.69,9.08,-23.28
CMP_0202,Content_Marketing,Instagram,9450,33294,1045,66,1.01,2024-10-10,3.14,6.32,-65.08
CMP_0203,Google_Ads,Facebook,3311,33366,1659,70,2.67,2024-06-18,4.97,4.22,5.71
CMP_0204,Email_Campaign,Google,8803,34040,1255,178,1.37,2024-10-04,3.69,14.18,1.1
CMP_0205,Email_Campaign,Google,8911,40131,497,43,4.34,2024-09-17,1.24,8.65,-75.87
CMP_0206,Email_Campaign,Email,5484,18039,313,38,1.19,2024-10-15,1.74,12.14,-65.35
CMP_0207,Google_Ads,Instagram,4258,71038,2258,162,4.4,2024-05-19,3.18,7.17,90.23
CMP_0208,Google_Ads,Facebook,5806,85754,2328,161,0.55,2024-08-07,2.71,6.92,38.65
CMP_0209,Google_Ads,Twitter,1418,32406,965,75,3.75,2024-09-17,2.98,7.77,164.46
CMP_0210,Google_Ads,Facebook,2704,89281,2443,249,0.54,2024-08-13,2.74,10.19,360.43
CMP_0211,Social_Media,LinkedIn,3705,18840,553,25,2.87,2024-03-18,2.94,4.52,-66.26
CMP_0212,Content_Marketing,Email,4095,35966,1022,137,2.92,2024-07-25,2.84,13.41,67.28
CMP_0213,Google_Ads,Instagram,2693,36471,1806,130,2.11,2024-01-21,4.95,7.2,141.37
CMP_0214,Email_Campaign,Twitter,5092,34122,1059,64,1.4,2024-01-02,3.1,6.04,-37.16
CMP_0215,Influencer,Email,5083,14174,494,62,3.41,2024-01-02,3.49,12.55,-39.01
CMP_0216,Social_Media,Google,6664,37023,641,43,4.29,2024-09-20,1.73,6.71,-67.74
CMP_0217,Google_Ads,Facebook,857,42251,1977,235,2.88,2024-11-01,4.68,11.89,1271.06
CMP_0218,Google_Ads,Facebook,6702,74877,1061,112,2.81,2024-11-19,1.42,10.56,-16.44
CMP_0219,Google_Ads,Twitter,7725,26698,467,10,3.24,2024-06-01,1.75,2.14,-93.53
CMP_0220,Email_Campaign,LinkedIn,7054,92412,1441,160,2.24,2024-08-05,1.56,11.1,13.41
CMP_0221,Google_Ads,Facebook,6942,40542,1906,195,2.14,2024-05-25,4.7,10.23,40.45
CMP_0222,Social_Media,LinkedIn,9981,30843,514,11,2.74,2024-06-17,1.67,2.14,-94.49
CMP_0223,Content_Marketing,LinkedIn,2763,5285,251,30,4.1,2024-01-14,4.75,11.95,-45.71
CMP_0224,Social_Media,Google,9381,81760,4079,529,3.04,2024-07-21,4.99,12.97,181.95
CMP_0225,Email_Campaign,Google,8618,4323,70,7,1.85,2024-06-27,1.62,10.0,-95.94
CMP_0226,Social_Media,Instagram,4236,70982,3308,140,3.43,2024-02-23,4.66,4.23,65.25
CMP_0227,Google_Ads,Instagram,7086,96443,2516,303,4.86,2024-10-15,2.61,12.04,113.8
CMP_0228,Social_Media,Facebook,1993,19308,880,71,1.95,2024-09-10,4.56,8.07,78.12
CMP_0229,Social_Media,Instagram,6397,93809,1221,133,0.85,2024-04-15,1.3,10.89,3.95
CMP_0230,Social_Media,Facebook,9640,92552,3296,455,2.92,2024-01-27,3.56,13.8,136.0
CMP_0231,Influencer,Instagram,8510,78032,802,113,1.36,2024-10-09,1.03,14.09,-33.61
CMP_0232,Email_Campaign,LinkedIn,7499,59269,1318,83,4.53,2024-07-10,2.22,6.3,-44.66
CMP_0233,Influencer,Facebook,2707,53213,2017,135,1.52,2024-12-22,3.79,6.69,149.35
CMP_0234,Email_Campaign,LinkedIn,5300,83467,2954,160,3.43,2024-07-08,3.54,5.42,50.94
CMP_0235,Content_Marketing,Twitter,9342,45103,964,97,4.45,2024-10-26,2.14,10.06,-48.08
CMP_0236,Google_Ads,Google,8532,75649,1640,194,3.47,2024-10-16,2.17,11.83,13.69
CMP_0237,Google_Ads,Facebook,6339,62043,956,30,1.21,2024-04-05,1.54,3.14,-76.34
CMP_0238,Influencer,LinkedIn,3047,13703,194,12,4.66,2024-12-13,1.42,6.19,-80.31
CMP_0239,Google_Ads,Instagram,3641,97027,3608,433,4.0,2024-12-06,3.72,12.0,494.62
CMP_0240,Google_Ads,LinkedIn,892,65197,2278,306,2.39,2024-04-14,3.49,13.43,1615.25
CMP_0241,Email_Campaign,Twitter,7519,42196,1618,91,3.48,2024-11-23,3.83,5.62,-39.49
CMP_0242,Email_Campaign,Facebook,8854,69095,2234,89,0.52,2024-02-29,3.23,3.98,-49.74
CMP_0243,Social_Media,Facebook,2208,5617,124,18,1.35,2024-07-17,2.21,14.52,-59.24
CMP_0244,Google_Ads,Facebook,8037,50429,1842,183,1.98,2024-12-16,3.65,9.93,13.85
CMP_0245,Email_Campaign,Email,5904,52316,2133,249,3.19,2024-01-16,4.08,11.67,110.87
CMP_0246,Social_Media,Google,7667,45722,689,80,1.56,2024-02-03,1.51,11.61,-47.83
CMP_0247,Content_Marketing,Email,4547,23429,766,47,2.57,2024-04-09,3.27,6.14,-48.32
CMP_0248,Content_Marketing,Instagram,3045,88657,1737,105,4.61,2024-01-29,1.96,6.04,72.41
CMP_0249,Content_Marketing,Google,8146,43163,1998,175,3.14,2024-01-31,4.63,8.76,7.41
CMP_0250,Influencer,Twitter,2424,94198,4358,186,1.81,2024-04-18,4.63,4.27,283.66
CMP_0251,Google_Ads,Email,4806,79221,3202,167,4.29,2024-09-29,4.04,5.22,73.74
CMP_0252,Google_Ads,Facebook,1632,2795,96,10,4.25,2024-07-25,3.43,10.42,-69.36
CMP_0253,Email_Campaign,Instagram,4516,8293,239,25,3.49,2024-06-24,2.88,10.46,-72.32
CMP_0254,Social_Media,Twitter,8241,33053,1292,27,4.33,2024-02-22,3.91,2.09,-83.62
CMP_0255,Influencer,Facebook,3498,39820,693,57,1.8,2024-10-11,1.74,8.23,-18.52
CMP_0256,Influencer,Email,6728,23908,590,20,2.35,2024-05-16,2.47,3.39,-85.14
CMP_0257,Influencer,Instagram,6011,92734,2201,146,0.69,2024-03-22,2.37,6.63,21.44
CMP_0258,Google_Ads,Google,7721,65836,2568,352,1.62,2024-07-04,3.9,13.71,127.95
CMP_0259,Social_Media,Email,6083,33149,380,22,4.68,2024-05-23,1.15,5.79,-81.92
CMP_0260,Google_Ads,LinkedIn,5095,44723,1909,95,4.52,2024-02-10,4.27,4.98,-6.77
CMP_0261,Influencer,Facebook,3675,50147,734,57,4.16,2024-08-29,1.46,7.77,-22.45
CMP_0262,Email_Campaign,Twitter,5499,56295,2250,158,0.61,2024-10-25,4.0,7.02,43.66
CMP_0263,Google_Ads,Instagram,5727,61697,2260,126,1.7,2024-09-22,3.66,5.58,10.01
CMP_0264,Email_Campaign,Instagram,1421,43619,2019,84,1.62,2024-08-23,4.63,4.16,195.57
CMP_0265,Influencer,Instagram,5533,86290,2384,219,3.72,2024-06-13,2.76,9.19,97.9
CMP_0266,Google_Ads,LinkedIn,8241,18550,452,58,4.58,2024-04-11,2.44,12.83,-64.81
CMP_0267,Social_Media,Google,2775,9203,235,8,3.98,2024-02-08,2.55,3.4,-85.59
CMP_0268,Influencer,Facebook,4244,92382,1611,154,3.24,2024-11-04,1.74,9.56,81.43
CMP_0269,Google_Ads,LinkedIn,9786,42140,521,52,0.79,2024-07-07,1.24,9.98,-73.43
CMP_0270,Social_Media,Google,1899,54219,1917,157,3.58,2024-07-19,3.54,8.19,313.38
CMP_0271,Content_Marketing,Twitter,4647,62982,1682,151,4.2,2024-06-19,2.67,8.98,62.47
CMP_0272,Influencer,Google,6912,96965,1777,177,4.89,2024-12-06,1.83,9.96,28.04
CMP_0273,Content_Marketing,Email,7666,35999,1389,133,0.6,2024-05-14,3.86,9.58,-13.25
CMP_0274,Social_Media,Facebook,7082,94755,4494,451,1.14,2024-05-01,4.74,10.04,218.41
CMP_0275,Influencer,Instagram,5886,43140,2063,62,1.4,2024-03-16,4.78,3.01,-47.33
CMP_0276,Social_Media,LinkedIn,3706,41576,823,118,4.15,2024-12-22,1.98,14.34,59.2
CMP_0277,Google_Ads,Google,9382,11138,177,9,3.78,2024-12-19,1.59,5.08,-95.2
CMP_0278,Email_Campaign,Twitter,9581,4541,96,10,2.56,2024-04-11,2.11,10.42,-94.78
CMP_0279,Social_Media,Instagram,5287,48666,1427,197,4.89,2024-02-10,2.93,13.81,86.31
CMP_0280,Google_Ads,Twitter,9022,25564,415,15,1.48,2024-12-04,1.62,3.61,-91.69
CMP_0281,Google_Ads,Google,8991,12628,193,11,3.75,2024-03-25,1.53,5.7,-93.88
CMP_0282,Google_Ads,LinkedIn,1161,12108,479,52,2.61,2024-11-11,3.96,10.86,123.94
CMP_0283,Influencer,Instagram,3698,79754,2180,322,1.1,2024-12-15,2.73,14.77,335.37
CMP_0284,Google_Ads,Facebook,5788,4532,195,7,1.2,2024-05-28,4.3,3.59,-93.95
CMP_0285,Influencer,Email,1164,81735,2216,186,3.72,2024-11-23,2.71,8.39,698.97
CMP_0286,Influencer,Instagram,7648,5069,204,20,1.38,2024-03-07,4.02,9.8,-86.92
CMP_0287,Influencer,Email,9842,57033,2168,207,1.85,2024-08-18,3.8,9.55,5.16
CMP_0288,Influencer,Facebook,2182,4878,140,10,0.63,2024-07-02,2.87,7.14,-77.09
CMP_0289,Influencer,LinkedIn,4078,50659,1049,33,0.93,2024-12-23,2.07,3.15,-59.54
CMP_0290,Google_Ads,LinkedIn,9225,73332,1653,245,2.98,2024-11-27,2.25,14.82,32.79
CMP_0291,Social_Media,LinkedIn,3548,17103,500,16,3.97,2024-06-13,2.92,3.2,-77.45
CMP_0292,Content_Marketing,Email,566,81462,2426,68,0.53,2024-11-10,2.98,2.8,500.71
CMP_0293,Google_Ads,Twitter,6127,75411,865,22,0.97,2024-08-08,1.15,2.54,-82.05
CMP_0294,Google_Ads,Email,5971,23508,528,37,3.32,2024-07-06,2.25,7.01,-69.02
CMP_0295,Social_Media,Google,2065,89911,1438,101,1.7,2024-06-02,1.6,7.02,144.55
CMP_0296,Social_Media,Email,7394,14476,599,78,4.52,2024-01-24,4.14,13.02,-47.25
CMP_0297,Google_Ads,Twitter,602,9752,280,25,2.14,2024-06-02,2.87,8.93,107.64
CMP_0298,Social_Media,Twitter,9612,25433,1064,66,2.65,2024-04-15,4.18,6.2,-65.67
CMP_0299,Social_Media,Instagram,7978,72538,2683,350,0.71,2024-12-03,3.7,13.05,119.35
CMP_0300,Social_Media,Google,4267,21894,1015,75,1.67,2024-04-08,4.64,7.39,-12.12
CMP_0301,Influencer,Facebook,1421,99981,4886,605,4.84,2024-03-30,4.89,12.38,2028.78
CMP_0302,Email_Campaign,Email,7945,32030,864,59,3.61,2024-05-14,2.7,6.83,-62.87
CMP_0303,Content_Marketing,Google,2638,18831,700,72,1.11,2024-07-25,3.72,10.29,36.47
CMP_0304,Google_Ads,LinkedIn,9218,29613,1292,136,1.95,2024-11-23,4.36,10.53,-26.23
CMP_0305,Social_Media,LinkedIn,2284,34357,509,59,3.1,2024-10-29,1.48,11.59,29.16
CMP_0306,Influencer,Email,8550,31285,1206,164,2.36,2024-01-14,3.85,13.6,-4.09
CMP_0307,Email_Campaign,Google,4216,43966,1592,147,0.82,2024-08-20,3.62,9.23,74.34
CMP_0308,Content_Marketing,Facebook,3282,59189,1702,179,3.66,2024-10-12,2.88,10.52,172.7
CMP_0309,Social_Media,Email,7291,94127,3421,334,2.8,2024-10-16,3.63,9.76,129.05
CMP_0310,Email_Campaign,Twitter,8056,87817,2708,163,1.34,2024-07-25,3.08,6.02,1.17
CMP_0311,Email_Campaign,Twitter,3549,67401,1554,114,4.79,2024-04-06,2.31,7.34,60.61
CMP_0312,Influencer,Instagram,4015,84042,3620,269,1.62,2024-07-24,4.31,7.43,234.99
CMP_0313,Influencer,Email,2901,36850,1446,148,2.97,2024-04-27,3.92,10.24,155.08
CMP_0314,Influencer,Google,1508,97175,3178,277,2.31,2024-05-18,3.27,8.72,818.44
CMP_0315,Email_Campaign,Twitter,9646,63282,647,43,3.78,2024-09-09,1.02,6.65,-77.71
CMP_0316,Influencer,LinkedIn,8259,99758,1404,107,4.83,2024-08-11,1.41,7.62,-35.22
CMP_0317,Content_Marketing,Instagram,5560,87498,2271,250,3.54,2024-04-13,2.6,11.01,124.82
CMP_0318,Influencer,Twitter,4806,53645,2408,304,2.73,2024-07-27,4.49,12.62,216.27
CMP_0319,Social_Media,Facebook,1879,48380,2394,238,0.89,2024-01-17,4.95,9.94,533.32
CMP_0320,Google_Ads,Google,3463,96071,3205,301,1.64,2024-04-04,3.34,9.39,334.59
CMP_0321,Google_Ads,Twitter,9711,46383,1200,128,2.54,2024-11-03,2.59,10.67,-34.1
CMP_0322,Influencer,Facebook,4237,2099,97,13,1.56,2024-07-10,4.62,13.4,-84.66
CMP_0323,Email_Campaign,Instagram,3507,38248,619,53,0.82,2024-03-02,1.62,8.56,-24.44
CMP_0324,Email_Campaign,Instagram,1031,9669,331,15,1.6,2024-10-23,3.42,4.53,-27.26
CMP_0325,Influencer,Instagram,9516,41780,1093,109,1.63,2024-07-07,2.62,9.97,-42.73
CMP_0326,Google_Ads,Instagram,8261,52363,615,15,2.54,2024-10-19,1.17,2.44,-90.92
CMP_0327,Social_Media,Instagram,3256,71986,3351,240,3.3,2024-06-25,4.66,7.16,268.55
CMP_0328,Influencer,Google,7592,5918,168,18,3.3,2024-10-08,2.84,10.71,-88.15
CMP_0329,Influencer,Instagram,3659,95021,1609,129,4.22,2024-08-11,1.69,8.02,76.28
CMP_0330,Social_Media,Instagram,1209,56066,1822,152,1.79,2024-08-16,3.25,8.34,528.62
CMP_0331,Content_Marketing,LinkedIn,3093,71663,3326,273,2.39,2024-07-02,4.64,8.21,341.32
CMP_0332,Influencer,Email,5497,41826,1477,64,0.94,2024-01-13,3.53,4.33,-41.79
CMP_0333,Email_Campaign,Email,6859,78218,1272,45,3.55,2024-01-05,1.63,3.54,-67.2
CMP_0334,Google_Ads,LinkedIn,682,78950,3113,169,2.32,2024-05-04,3.94,5.43,1139.0
CMP_0335,Content_Marketing,LinkedIn,4931,66610,1353,81,4.21,2024-10-23,2.03,5.99,-17.87
CMP_0336,Google_Ads,Google,5992,94523,4680,511,4.51,2024-04-19,4.95,10.92,326.4
CMP_0337,Content_Marketing,LinkedIn,3077,44767,607,81,0.83,2024-08-16,1.36,13.34,31.62
CMP_0338,Social_Media,Instagram,614,93645,1410,142,4.78,2024-01-16,1.51,10.07,1056.35
CMP_0339,Social_Media,LinkedIn,1681,22496,353,36,1.45,2024-08-07,1.57,10.2,7.08
CMP_0340,Influencer,Instagram,1943,97670,3695,523,3.59,2024-11-26,3.78,14.15,1245.86
CMP_0341,Email_Campaign,Facebook,5897,26647,733,108,3.93,2024-02-29,2.75,14.73,-8.43
CMP_0342,Social_Media,Twitter,4170,28837,604,61,4.83,2024-08-02,2.09,10.1,-26.86
CMP_0343,Content_Marketing,Twitter,7763,22009,555,68,4.86,2024-04-03,2.52,12.25,-56.2
CMP_0344,Google_Ads,Google,8797,86774,1800,254,3.48,2024-05-02,2.07,14.11,44.37
CMP_0345,Influencer,Google,9463,83379,2664,309,3.16,2024-02-07,3.2,11.6,63.27
CMP_0346,Social_Media,Google,4387,13726,377,15,4.07,2024-10-16,2.75,3.98,-82.9
CMP_0347,Content_Marketing,Email,8653,84801,2516,253,2.73,2024-12-07,2.97,10.06,46.19
CMP_0348,Influencer,Google,4799,76471,808,71,2.1,2024-07-13,1.06,8.79,-26.03
CMP_0349,Google_Ads,LinkedIn,5046,46556,653,89,5.0,2024-03-22,1.4,13.63,-11.81
CMP_0350,Influencer,Email,7015,90594,4047,549,2.44,2024-06-03,4.47,13.57,291.3
CMP_0351,Email_Campaign,LinkedIn,3126,20564,1006,101,4.34,2024-04-09,4.89,10.04,61.55
CMP_0352,Content_Marketing,Instagram,5778,15333,159,17,2.2,2024-11-11,1.04,10.69,-85.29
CMP_0353,Influencer,Google,1239,17845,878,97,0.89,2024-02-14,4.92,11.05,291.44
CMP_0354,Email_Campaign,LinkedIn,2168,15514,421,26,3.41,2024-07-14,2.71,6.18,-40.04
CMP_0355,Content_Marketing,Email,3493,10346,349,10,3.77,2024-09-05,3.37,2.87,-85.69
CMP_0356,Influencer,Facebook,9854,56566,1865,65,1.28,2024-12-08,3.3,3.49,-67.02
CMP_0357,Influencer,Facebook,4552,65091,1263,133,3.37,2024-06-19,1.94,10.53,46.09
CMP_0358,Google_Ads,Twitter,9941,20693,968,94,1.47,2024-10-01,4.68,9.71,-52.72
CMP_0359,Social_Media,Instagram,1144,1942,54,2,4.78,2024-05-24,2.78,3.7,-91.26
CMP_0360,Influencer,LinkedIn,2932,4404,72,8,2.93,2024-08-19,1.63,11.11,-86.36
CMP_0361,Email_Campaign,Twitter,3665,83970,4031,188,0.55,2024-11-06,4.8,4.66,156.48
CMP_0362,Google_Ads,Instagram,939,21160,725,50,4.62,2024-12-30,3.43,6.9,166.24
CMP_0363,Influencer,Email,9878,32095,643,53,1.61,2024-06-10,2.0,8.24,-73.17
CMP_0364,Google_Ads,Instagram,6059,11298,270,10,0.7,2024-07-18,2.39,3.7,-91.75
CMP_0365,Content_Marketing,Instagram,5259,36968,1783,242,0.83,2024-09-14,4.82,13.57,130.08
CMP_0366,Content_Marketing,Twitter,8128,22486,310,18,2.56,2024-05-18,1.38,5.81,-88.93
CMP_0367,Influencer,LinkedIn,4623,93298,2838,222,1.4,2024-04-06,3.04,7.82,140.1
CMP_0368,Influencer,Facebook,7429,41505,996,111,2.92,2024-04-23,2.4,11.14,-25.29
CMP_0369,Email_Campaign,Instagram,7508,75546,1387,183,1.86,2024-07-16,1.84,13.19,21.87
CMP_0370,Influencer,Google,3239,92822,3918,408,4.86,2024-03-03,4.22,10.41,529.82
CMP_0371,Google_Ads,Facebook,1741,57338,758,35,4.37,2024-07-22,1.32,4.62,0.52
CMP_0372,Email_Campaign,Twitter,5406,68939,1414,167,3.49,2024-01-29,2.05,11.81,54.46
CMP_0373,Social_Media,Facebook,5749,5747,84,10,2.42,2024-04-13,1.46,11.9,-91.3
CMP_0374,Social_Media,Twitter,6297,8215,381,17,1.66,2024-02-09,4.64,4.46,-86.5
CMP_0375,Influencer,Email,2810,21764,681,35,1.22,2024-02-13,3.13,5.14,-37.72
CMP_0376,Google_Ads,Instagram,6952,47448,2338,345,3.69,2024-12-27,4.93,14.76,148.13
CMP_0377,Social_Media,Twitter,3665,82624,2758,285,4.73,2024-03-28,3.34,10.33,288.81
CMP_0378,Social_Media,LinkedIn,7099,40605,1239,39,4.38,2024-02-03,3.05,3.15,-72.53
CMP_0379,Google_Ads,Email,1358,98903,2616,291,1.83,2024-02-15,2.65,11.12,971.43
CMP_0380,Influencer,LinkedIn,5918,46101,2150,187,3.54,2024-08-21,4.66,8.7,57.99
CMP_0381,Social_Media,Google,9644,70197,2405,182,2.31,2024-05-06,3.43,7.57,-5.64
CMP_0382,Social_Media,Instagram,529,19832,268,5,4.51,2024-03-13,1.35,1.87,-52.74
CMP_0383,Social_Media,Facebook,3021,23402,366,52,1.53,2024-09-28,1.56,14.21,-13.94
CMP_0384,Social_Media,Facebook,5752,53437,1660,245,1.45,2024-07-11,3.11,14.76,112.97
CMP_0385,Social_Media,Email,7481,33556,1337,151,2.75,2024-08-16,3.98,11.29,0.92
CMP_0386,Influencer,Facebook,2816,56876,2283,243,3.07,2024-02-14,4.01,10.64,331.46
CMP_0387,Email_Campaign,Email,740,97860,3961,557,1.59,2024-03-05,4.05,14.06,3663.51
CMP_0388,Influencer,Facebook,3564,22229,307,33,1.26,2024-01-01,1.38,10.75,-53.7
CMP_0389,Influencer,LinkedIn,5937,41446,1791,265,4.68,2024-12-30,4.32,14.8,123.18
CMP_0390,Email_Campaign,Instagram,4365,59098,1481,211,0.57,2024-09-16,2.51,14.25,141.7
CMP_0391,Content_Marketing,Twitter,1277,82918,3550,270,2.46,2024-07-01,4.28,7.61,957.17
CMP_0392,Content_Marketing,Facebook,4269,98165,2125,109,2.97,2024-04-25,2.16,5.13,27.66
CMP_0393,Google_Ads,LinkedIn,7144,43200,1781,103,0.74,2024-09-02,4.12,5.78,-27.91
CMP_0394,Google_Ads,Google,6969,94758,1204,145,4.23,2024-12-07,1.27,12.04,4.03
CMP_0395,Influencer,LinkedIn,7120,46938,752,22,4.39,2024-06-24,1.6,2.93,-84.55
CMP_0396,Google_Ads,Email,6198,89177,1134,87,3.66,2024-11-12,1.27,7.67,-29.82
CMP_0397,Google_Ads,Twitter,8592,32253,1197,105,0.56,2024-10-30,3.71,8.77,-38.9
CMP_0398,Email_Campaign,Facebook,4683,17465,178,9,1.68,2024-10-06,1.02,5.06,-90.39
CMP_0399,Email_Campaign,Instagram,5166,20792,293,20,3.16,2024-02-07,1.41,6.83,-80.64
CMP_0400,Google_Ads,Instagram,3911,78230,2893,279,0.85,2024-05-25,3.7,9.64,256.69
CMP_0401,Social_Media,Twitter,3829,52046,716,52,0.58,2024-02-29,1.38,7.26,-32.1
CMP_0402,Content_Marketing,Facebook,9431,4638,47,3,4.41,2024-07-10,1.01,6.38,-98.41
CMP_0403,Social_Media,Twitter,6507,74913,2775,86,3.14,2024-06-20,3.7,3.1,-33.92
CMP_0404,Social_Media,Instagram,695,85436,1503,77,3.06,2024-11-10,1.76,5.12,453.96
CMP_0405,Influencer,Facebook,7036,77994,1286,104,1.34,2024-04-21,1.65,8.09,-26.09
CMP_0406,Google_Ads,LinkedIn,2655,88018,3847,502,2.16,2024-06-02,4.37,13.05,845.39
CMP_0407,Email_Campaign,Instagram,8459,83328,3485,261,3.55,2024-04-05,4.18,7.49,54.27
CMP_0408,Google_Ads,Instagram,9768,47271,2198,150,4.7,2024-10-27,4.65,6.82,-23.22
CMP_0409,Email_Campaign,Facebook,9337,23055,1019,47,1.6,2024-02-17,4.42,4.61,-74.83
CMP_0410,Social_Media,Facebook,9554,5103,146,6,3.72,2024-12-02,2.86,4.11,-96.86
CMP_0411,Influencer,Google,5242,14089,542,32,4.08,2024-08-04,3.85,5.9,-69.48
CMP_0412,Google_Ads,Instagram,7362,61595,1767,225,4.7,2024-08-02,2.87,12.73,52.81
CMP_0413,Social_Media,Instagram,7018,35535,1156,119,1.75,2024-04-27,3.25,10.29,-15.22
CMP_0414,Social_Media,Google,6636,18266,303,25,4.49,2024-06-23,1.66,8.25,-81.16
CMP_0415,Influencer,Email,4103,20613,755,107,1.63,2024-01-06,3.66,14.17,30.39
CMP_0416,Social_Media,Instagram,7209,36021,1061,40,2.13,2024-01-12,2.95,3.77,-72.26
CMP_0417,Email_Campaign,Facebook,9551,16456,342,13,4.42,2024-10-21,2.08,3.8,-93.19
CMP_0418,Email_Campaign,Twitter,5684,1033,34,1,2.47,2024-01-14,3.29,2.94,-99.12
CMP_0419,Content_Marketing,LinkedIn,3508,41656,1900,185,2.74,2024-11-08,4.56,9.74,163.68
CMP_0420,Content_Marketing,Google,6664,40035,1119,96,1.59,2024-09-28,2.8,8.58,-27.97
CMP_0421,Google_Ads,Instagram,7120,91159,968,79,0.87,2024-10-05,1.06,8.16,-44.52
CMP_0422,Influencer,Facebook,8781,8315,358,31,3.94,2024-08-09,4.31,8.66,-82.35
CMP_0423,Influencer,LinkedIn,6990,1731,52,7,1.95,2024-11-29,3.0,13.46,-94.99
CMP_0424,Google_Ads,LinkedIn,8675,52014,615,87,4.75,2024-08-22,1.18,14.15,-49.86
CMP_0425,Influencer,Facebook,2415,59047,2068,140,0.63,2024-04-21,3.5,6.77,189.86
CMP_0426,Google_Ads,Instagram,1186,36480,961,44,0.94,2024-02-21,2.63,4.58,85.5
CMP_0427,Social_Media,Instagram,9977,68059,2461,117,3.66,2024-01-07,3.62,4.75,-41.37
CMP_0428,Email_Campaign,LinkedIn,5167,96745,3635,466,1.31,2024-09-25,3.76,12.82,350.94
CMP_0429,Social_Media,Email,3734,48432,1328,59,1.4,2024-01-15,2.74,4.44,-21.0
CMP_0430,Social_Media,Email,1328,6660,121,9,4.77,2024-04-11,1.82,7.44,-66.11
CMP_0431,Social_Media,Email,9722,67025,2578,165,4.51,2024-02-18,3.85,6.4,-15.14
CMP_0432,Google_Ads,Email,2893,19314,292,25,3.76,2024-09-09,1.51,8.56,-56.79
CMP_0433,Social_Media,Facebook,6937,6447,87,7,1.23,2024-05-18,1.35,8.05,-94.95
CMP_0434,Email_Campaign,Facebook,2730,77673,2091,153,4.16,2024-12-19,2.69,7.32,180.22
CMP_0435,Google_Ads,Email,3191,5156,192,14,2.62,2024-09-01,3.72,7.29,-78.06
CMP_0436,Google_Ads,LinkedIn,1936,24748,802,81,1.65,2024-09-02,3.24,10.1,109.19
CMP_0437,Email_Campaign,Email,2124,20935,271,28,0.61,2024-01-27,1.29,10.33,-34.09
CMP_0438,Google_Ads,Email,3564,24323,836,104,1.58,2024-11-12,3.44,12.44,45.9
CMP_0439,Google_Ads,LinkedIn,706,22757,238,22,4.64,2024-11-28,1.05,9.24,55.81
CMP_0440,Social_Media,LinkedIn,9031,36603,590,19,1.53,2024-07-25,1.61,3.22,-89.48
CMP_0441,Influencer,Email,4426,5787,66,4,1.17,2024-06-19,1.14,6.06,-95.48
CMP_0442,Email_Campaign,Google,7791,11730,249,32,2.69,2024-04-30,2.12,12.85,-79.46
CMP_0443,Content_Marketing,Email,5691,35096,835,106,2.9,2024-04-18,2.38,12.69,-6.87
CMP_0444,Social_Media,Email,5621,12838,185,13,1.63,2024-09-08,1.44,7.03,-88.44
CMP_0445,Google_Ads,Google,1894,18221,828,114,1.05,2024-10-14,4.54,13.77,200.95
CMP_0446,Content_Marketing,LinkedIn,6143,47381,1385,150,1.47,2024-10-06,2.92,10.83,22.09
CMP_0447,Email_Campaign,Email,4167,52007,1503,101,3.61,2024-05-22,2.89,6.72,21.19
CMP_0448,Email_Campaign,LinkedIn,8754,97791,4781,624,4.82,2024-10-23,4.89,13.05,256.41
CMP_0449,Influencer,Email,3447,14265,556,70,1.75,2024-08-08,3.9,12.59,1.54
CMP_0450,Content_Marketing,Google,5994,31876,336,31,1.58,2024-02-03,1.05,9.23,-74.14
CMP_0451,Content_Marketing,Email,5877,2357,26,2,2.61,2024-01-21,1.1,7.69,-98.3
CMP_0452,Google_Ads,Google,3005,88285,1131,42,0.6,2024-12-17,1.28,3.71,-30.12
CMP_0453,Email_Campaign,Google,1278,72399,2958,367,1.66,2024-09-02,4.09,12.41,1335.84
CMP_0454,Influencer,Email,6567,80472,2386,112,0.52,2024-04-07,2.97,4.69,-14.73
CMP_0455,Email_Campaign,LinkedIn,9362,15959,229,34,1.99,2024-06-19,1.43,14.85,-81.84
CMP_0456,Content_Marketing,Twitter,8250,15121,652,39,4.74,2024-05-01,4.31,5.98,-76.36
CMP_0457,Email_Campaign,Google,9249,53813,739,86,1.54,2024-11-09,1.37,11.64,-53.51
CMP_0458,Email_Campaign,Facebook,8350,56846,1391,155,1.55,2024-04-01,2.45,11.14,-7.19
CMP_0459,Google_Ads,Instagram,7463,54105,2035,289,4.58,2024-12-14,3.76,14.2,93.62
CMP_0460,Influencer,LinkedIn,7584,67869,1350,199,1.63,2024-12-13,1.99,14.74,31.2
CMP_0461,Influencer,Email,8550,42926,1482,40,2.62,2024-07-21,3.45,2.7,-76.61
CMP_0462,Content_Marketing,Facebook,5440,17392,837,102,4.38,2024-10-12,4.81,12.19,-6.25
CMP_0463,Email_Campaign,Google,2175,67714,2991,350,3.74,2024-05-16,4.42,11.7,704.6
CMP_0464,Content_Marketing,Facebook,2155,79807,3799,569,4.91,2024-11-02,4.76,14.98,1220.19
CMP_0465,Google_Ads,Email,1737,92229,3464,352,1.34,2024-01-14,3.76,10.16,913.24
CMP_0466,Google_Ads,Twitter,7548,28501,1284,112,2.17,2024-08-12,4.51,8.72,-25.81
CMP_0467,Email_Campaign,Twitter,839,4513,66,1,4.91,2024-10-09,1.46,1.52,-94.04
CMP_0468,Google_Ads,Facebook,3877,29870,662,31,4.49,2024-09-02,2.22,4.68,-60.02
CMP_0469,Email_Campaign,Google,8512,16939,396,47,2.73,2024-03-16,2.34,11.87,-72.39
CMP_0470,Social_Media,LinkedIn,7019,99369,1437,84,2.41,2024-01-08,1.45,5.85,-40.16
CMP_0471,Influencer,LinkedIn,2830,34512,674,21,0.7,2024-09-06,1.95,3.12,-62.9
CMP_0472,Google_Ads,LinkedIn,3811,5102,247,20,4.86,2024-02-22,4.84,8.1,-73.76
CMP_0473,Email_Campaign,Email,4858,43857,1940,238,0.99,2024-03-04,4.42,12.27,144.96
CMP_0474,Influencer,Email,9267,89798,2347,324,3.25,2024-01-21,2.61,13.8,74.81
CMP_0475,Content_Marketing,Google,9213,42220,1587,173,4.23,2024-07-27,3.76,10.9,-6.11
CMP_0476,Content_Marketing,LinkedIn,5130,15496,460,33,2.68,2024-10-16,2.97,7.17,-67.84
CMP_0477,Google_Ads,Google,6915,89155,1837,266,4.7,2024-12-09,2.06,14.48,92.34
CMP_0478,Google_Ads,Google,9642,81800,2681,321,3.19,2024-09-04,3.28,11.97,66.46
CMP_0479,Content_Marketing,Twitter,8352,79624,2123,169,3.64,2024-08-15,2.67,7.96,1.17
CMP_0480,Influencer,Instagram,1527,56798,1363,74,3.43,2024-12-26,2.4,5.43,142.31
CMP_0481,Google_Ads,Facebook,4725,91036,1746,141,2.16,2024-05-30,1.92,8.08,49.21
CMP_0482,Content_Marketing,LinkedIn,1639,1068,38,3,0.99,2024-06-29,3.56,7.89,-90.85
CMP_0483,Influencer,Google,5544,98919,3455,459,4.56,2024-08-18,3.49,13.29,313.96
CMP_0484,Email_Campaign,Twitter,636,90723,3777,108,4.25,2024-01-13,4.16,2.86,749.06
CMP_0485,Social_Media,Facebook,9184,79791,2512,303,3.8,2024-01-22,3.15,12.06,64.96
CMP_0486,Email_Campaign,Instagram,6256,30918,1156,162,1.3,2024-05-18,3.74,14.01,29.48
CMP_0487,Email_Campaign,Email,3292,58209,715,47,3.57,2024-02-28,1.23,6.57,-28.61
CMP_0488,Social_Media,Email,3139,4237,118,6,4.53,2024-04-11,2.78,5.08,-90.44
CMP_0489,Social_Media,Twitter,1022,50644,2333,248,3.1,2024-01-19,4.61,10.63,1113.31
CMP_0490,Social_Media,LinkedIn,4271,27208,729,89,4.32,2024-03-24,2.68,12.21,4.19
CMP_0491,Influencer,Twitter,2972,90137,3920,349,2.12,2024-04-10,4.35,8.9,487.15
CMP_0492,Influencer,Google,7063,54989,1472,188,4.56,2024-12-25,2.68,12.77,33.09
CMP_0493,Email_Campaign,Email,7029,80833,1403,154,2.3,2024-07-16,1.74,10.98,9.55
CMP_0494,Email_Campaign,Email,5546,62522,2931,371,1.35,2024-03-30,4.69,12.66,234.48
CMP_0495,Social_Media,Email,531,14378,671,63,4.77,2024-10-16,4.67,9.39,493.22
CMP_0496,Content_Marketing,Google,4885,16473,530,56,2.96,2024-06-19,3.22,10.57,-42.68
CMP_0497,Social_Media,Instagram,7957,83125,2161,95,0.63,2024-05-31,2.6,4.4,-40.3
CMP_0498,Email_Campaign,Google,8756,10805,283,9,2.95,2024-01-23,2.62,3.18,-94.86
CMP_0499,Social_Media,Instagram,2918,2301,64,7,2.0,2024-01-09,2.78,10.94,-88.01
CMP_0500,Influencer,Instagram,1247,2516,96,11,1.87,2024-05-10,3.82,11.46,-55.89
